3uLRF0GpifPqRK19nmS0p3QQ/upYvdSERwRrsb4C3N8=,Request sucessfull for : 995_789,21:47:07 07/19/25
3uLRF0GpifPqRK19nmS0p3QQ/upYvdSERwRrsb4C3N8=,"Tentative on 95_789, not access",21:47:20 07/19/25
3uLRF0GpifPK19nmS0p3QQ/upYvdSERwRrsb4C3N8=,This key note exist,21:47:37 07/19/25
3uLRF0GpifPqRK19nmS0p3QQ/upYvdSERwRrsb4C3N8=,"Tentative on 99_789, not access",21:49:14 07/19/25
abc,This key note exist,21:49:56 07/19/25
abc,This key note exist,21:51:41 07/19/25
abc,This key note exist,21:51:49 07/19/25
abc,Request sucessfull for : 995_789,21:52:13 07/19/25
abc,Request sucessfull for : 995_789,21:54:00 07/19/25
abc,"Tentative on 995_789, not access",21:54:13 07/19/25
abc,Conversation not exist,21:55:07 07/19/25
3uLRF0GpifPqRK19nmS0p3QQ/upYvdSERwRrsb4C3N8=,Request sucessfull for : 995_789,17:54:30 07/20/25
3uLRF0GpifPqRK19nmS0p3QQ/upYvdSERwRrsb4C3N8=,Request sucessfull for : 995_789,18:03:07 07/20/25
3uLRF0GpifPqRK19nmS0p3QQ/upYvdSERwRrsb4C3N8=,Request sucessfull for : 995_789,18:13:46 07/20/25
3uLRF0GpifPqRK19nmS0p3QQ/upYvdSERwRrsb4C3N8=,Request sucessfull for : 995_789,18:13:59 07/20/25
3uLRF0GpifPqRK19nmS0p3QQ/upYvdSERwRrsb4C3N8=,Request sucessfull for : 995_789,18:14:58 07/20/25
abc,Conversation not exist,22:16:09 07/20/25
3uLRF0GpifPqRK19nmS0p3QQupYvdSERwRrsb4C3N8,"Tentative on 95_789, not access",22:16:26 07/20/25
3uLRF0GpifPqRK19nmS0p3QQupYvdSERwRrsb4C3N8,"Tentative on 959_789, not access",22:16:37 07/20/25
3uLRF0GpifPqRK19nmS0p3QQupYvdSERwRrsb4C3N8,"Tentative on 959_789, not access",22:16:57 07/20/25
3uLRF0GpifPqRK19nmS0p3QQupYvdSERwRrsb4C3N8,"Tentative on 959_789, not access",22:17:03 07/20/25
3uLRF0GpifPqRK19nmS0p3QQupYvdSERwRrsb4C3N8,Request sucessfull for : 995_789,22:17:24 07/20/25
3uLRF0GpifPqRK19nmS0p3QQupYvdSERwRrsb4C3N8,Request sucessfull for : 995_789,22:21:38 07/20/25
3uLRF0GpifPqRK19nmS0p3QQupYvdSERwRrsb4C3N8,Request sucessfull for : 995_789,22:23:10 07/20/25
3uLRF0GpifPqRK19nmS0p3QQupYvdSERwRrsb4C3N8,"Tentative on 995_789, not access",22:26:10 07/20/25
3uLRF0GpifPqRK19nmS0p3QQupYvdSERwRrsb4C3N8,"Tentative on 95_789, not access",22:26:51 07/20/25
3uLRF0GpifPqRK19nmS0p3QQupYvdSERwRrsb4C3N8,"Tentative on 995_789, not access",22:26:58 07/20/25
abc,Request sucessfull for : 95_789,22:27:16 07/20/25
3uLRF0GpifPqRK19nmS0p3QQupYvdSERwRrsb4C3N8,"Tentative on 995_789, not access",22:32:53 07/20/25
3uLRF0GpifPqRK19nmS0p3QQupYvdSERwRrsb4C3N8,"Tentative on 995_789, not access",22:33:52 07/20/25
3uLRF0GpifPqRK19nmS0p3QQupYvdSERwRrsb4C3N8,"Tentative on 995_789, not access",22:43:10 07/20/25
3uLRF0GpifPqRK19nmS0p3QQupYvdSERwRrsb4C3N8,"Tentative on 995_789, not access",22:43:23 07/20/25
3uLRF0GpifPqRK19nmS0p3QQupYvdSERwRrsb4C3N8,"Tentative on 995_789, not access",22:44:59 07/20/25
3uLRF0GpifPqRK19nmS0p3QQupYvdSERwRrsb4C3N8,"Tentative on 995_789, not access",22:45:10 07/20/25
3uLRF0GpifPqRK19nmS0p3QQupYvdSERwRrsb4C3N8,Request sucessfull for : 995_789,22:47:45 07/20/25
3uLRF0GpifPqRK19nmS0p3QQupYvdSERwRrsb4C3N8,Request sucessfull for : 95_789,22:47:55 07/20/25
3uLRF0GpifPqRK19nmS0p3QQupYvdSERwRrsb4C3N8,Request sucessfull for : 995_789,22:48:06 07/20/25
3uLRF0GpifPqRK19nmS0p3QQupYvdSERwRrsb4C3N8,Request sucessfull for : 995_789,22:53:30 07/20/25
3uLRF0GpifPqRK19nmS0p3QQupYvdSERwRrsb4C3N8,Request sucessfull for : 995_789,23:11:16 07/20/25
3uLRF0GpifPqRK19nmS0p3QQupYvdSERwRrsb4C3N8,Request sucessfull for : 995_789,23:11:17 07/20/25
3uLRF0GpifPqRK19nmS0p3QQupYvdSERwRrsb4C3N8,Request sucessfull for : 995_789,23:11:18 07/20/25
3uLRF0GpifPqRK19nmS0p3QQupYvdSERwRrsb4C3N8,Request sucessfull for : 995_789,23:11:19 07/20/25
3uLRF0GpifPqRK19nmS0p3QQupYvdSERwRrsb4C3N8,Request sucessfull for : 995_789,23:11:20 07/20/25
3uLRF0GpifPqRK19nmS0p3QQupYvdSERwRrsb4C3N8,Request sucessfull for : 995_789,23:11:20 07/20/25
3uLRF0GpifPqRK19nmS0p3QQupYvdSERwRrsb4C3N8,Request sucessfull for : 995_789,23:11:21 07/20/25
3uLRF0GpifPqRK19nmS0p3QQupYvdSERwRrsb4C3N8,Request sucessfull for : 995_789,23:11:53 07/20/25
3uLRF0GpifPqRK19nmS0p3QQupYvdSERwRrsb4C3N8,Request sucessfull for : 995_789,23:12:03 07/20/25
